seq_id,min_ipsae,max_ipsae
peleke-phi-4_BHRF1_01,0.0,0.030443
peleke-phi-4_BHRF1_02,0.030392,0.119985
peleke-phi-4_BHRF1_03,0.004984,0.069816
peleke-phi-4_BHRF1_04,0.0,0.005748
peleke-phi-4_BHRF1_05,0.0,0.019988
peleke-phi-4_BHRF1_06,0.347298,0.347298
peleke-phi-4_BHRF1_07,0.0,0.047881
peleke-phi-4_BHRF1_08,0.0,0.026464
peleke-phi-4_BHRF1_09,0.491885,0.491885
peleke-phi-4_BHRF1_10,0.269329,0.300661
peleke-phi-4_BHRF1_11,0.005984,0.069885
peleke-phi-4_BHRF1_12,0.481576,0.481576
peleke-phi-4_BHRF1_13,0.503866,0.503866
peleke-phi-4_BHRF1_14,0.029624,0.152134
peleke-phi-4_BHRF1_15,0.007525,0.065221
peleke-phi-4_BHRF1_16,0.186784,0.232801
peleke-phi-4_BHRF1_17,0.0,0.008561
peleke-phi-4_BHRF1_18,0.006588,0.086118
peleke-phi-4_BHRF1_19,0.228161,0.275213
peleke-phi-4_BHRF1_20,0.0,0.007517
peleke-phi-4_BHRF1_21,0.118171,0.177999
peleke-phi-4_BHRF1_22,0.288057,0.306415
peleke-phi-4_BHRF1_23,0.388765,0.435019
peleke-phi-4_BHRF1_24,0.22273,0.255873
peleke-phi-4_BHRF1_25,0.14862,0.215973
peleke-phi-4_BHRF1_26,0.315551,0.361558
peleke-phi-4_BHRF1_27,0.664861,0.664861
peleke-phi-4_BHRF1_28,0.007935,0.107324
peleke-phi-4_BHRF1_29,0.015008,0.139464
peleke-phi-4_BHRF1_30,0.161407,0.21526
peleke-phi-4_BHRF1_31,0.435191,0.435191
peleke-phi-4_BHRF1_32,0.005324,0.111645
peleke-phi-4_BHRF1_33,0.518762,0.53671
peleke-phi-4_BHRF1_34,0.516144,0.516144
peleke-phi-4_BHRF1_35,0.101049,0.156747
peleke-phi-4_BHRF1_36,0.789734,0.789734
peleke-phi-4_BHRF1_37,0.251799,0.300634
peleke-phi-4_BHRF1_38,0.082631,0.167202
peleke-phi-4_BHRF1_39,0.0,0.033508
peleke-phi-4_BHRF1_40,0.799671,0.800626
peleke-phi-4_BHRF1_41,0.0,0.014613
peleke-phi-4_BHRF1_42,0.270514,0.298423
peleke-phi-4_BHRF1_43,0.005323,0.085401
peleke-phi-4_BHRF1_44,0.005583,0.087774
peleke-phi-4_BHRF1_45,0.0,0.015368
peleke-phi-4_BHRF1_46,0.407061,0.437043
peleke-phi-4_BHRF1_47,0.0,0.058454
peleke-phi-4_BHRF1_48,0.0,0.058496
peleke-phi-4_BHRF1_49,0.005501,0.074118
peleke-phi-4_BHRF1_50,0.034339,0.120785
peleke-phi-4_EGFR_01,0.084844,0.233793
peleke-phi-4_EGFR_02,0.0,0.0
peleke-phi-4_EGFR_03,0.197778,0.34182
peleke-phi-4_EGFR_04,0.0,0.0
peleke-phi-4_EGFR_05,0.0,0.0
peleke-phi-4_EGFR_06,0.0,0.004832
peleke-phi-4_EGFR_07,0.171708,0.2792
peleke-phi-4_EGFR_09,0.288902,0.445101
peleke-phi-4_EGFR_10,0.0,0.0
peleke-phi-4_EGFR_11,0.0,0.005192
peleke-phi-4_EGFR_12,0.0,0.0
peleke-phi-4_EGFR_13,0.0,0.0
peleke-phi-4_EGFR_14,0.0,0.0
peleke-phi-4_EGFR_15,0.0,0.0
peleke-phi-4_EGFR_16,0.0,0.0
peleke-phi-4_EGFR_17,0.0,0.0
peleke-phi-4_EGFR_18,0.148774,0.235052
peleke-phi-4_EGFR_19,0.213752,0.355041
peleke-phi-4_EGFR_20,0.0,0.0
peleke-phi-4_EGFR_21,0.0,0.0
peleke-phi-4_EGFR_22,0.0,0.0
peleke-phi-4_EGFR_23,0.0,0.0
peleke-phi-4_EGFR_24,0.141336,0.252918
peleke-phi-4_EGFR_25,0.198027,0.281897
peleke-phi-4_EGFR_26,0.0,0.0
peleke-phi-4_EGFR_27,0.0,0.0
peleke-phi-4_EGFR_28,0.124923,0.150964
peleke-phi-4_EGFR_29,0.136532,0.177501
peleke-phi-4_EGFR_30,0.17769,0.278867
peleke-phi-4_EGFR_31,0.004981,0.098212
peleke-phi-4_EGFR_32,0.0,0.0
peleke-phi-4_EGFR_33,0.0,0.0
peleke-phi-4_EGFR_34,0.0,0.004873
peleke-phi-4_EGFR_35,0.0,0.005057
peleke-phi-4_EGFR_36,0.0,0.0
peleke-phi-4_EGFR_37,0.0,0.0
peleke-phi-4_EGFR_38,0.0,0.0
peleke-phi-4_EGFR_39,0.150859,0.209485
peleke-phi-4_EGFR_40,0.0,0.0
peleke-phi-4_EGFR_41,0.005161,0.060995
peleke-phi-4_EGFR_42,0.0,0.0
peleke-phi-4_EGFR_43,0.005169,0.012237
peleke-phi-4_EGFR_44,0.005079,0.122447
peleke-phi-4_EGFR_45,0.0,0.005138
peleke-phi-4_EGFR_46,0.233568,0.335706
peleke-phi-4_EGFR_47,0.0,0.0
peleke-phi-4_EGFR_48,0.005003,0.094518
peleke-phi-4_EGFR_49,0.0,0.0
peleke-phi-4_EGFR_50,0.0,0.0
peleke-phi-4_IL-7Ra_01,0.688329,0.688329
peleke-phi-4_IL-7Ra_02,0.853681,0.853681
peleke-phi-4_IL-7Ra_03,0.430854,0.430854
peleke-phi-4_IL-7Ra_04,0.769648,0.769648
peleke-phi-4_IL-7Ra_05,0.192106,0.233101
peleke-phi-4_IL-7Ra_06,0.011158,0.024083
peleke-phi-4_IL-7Ra_07,0.023013,0.023013
peleke-phi-4_IL-7Ra_08,0.176693,0.191877
peleke-phi-4_IL-7Ra_09,0.431873,0.438807
peleke-phi-4_IL-7Ra_10,0.326926,0.326926
peleke-phi-4_IL-7Ra_11,0.831064,0.831064
peleke-phi-4_IL-7Ra_12,0.758468,0.758468
peleke-phi-4_IL-7Ra_13,0.191143,0.19714
peleke-phi-4_IL-7Ra_14,0.728017,0.728017
peleke-phi-4_IL-7Ra_15,0.279432,0.279432
peleke-phi-4_IL-7Ra_16,0.0,0.005645
peleke-phi-4_IL-7Ra_17,0.154423,0.182676
peleke-phi-4_IL-7Ra_18,0.607577,0.607577
peleke-phi-4_IL-7Ra_19,0.733296,0.733296
peleke-phi-4_IL-7Ra_20,0.027175,0.116165
peleke-phi-4_IL-7Ra_21,0.178603,0.178603
peleke-phi-4_IL-7Ra_22,0.502902,0.502902
peleke-phi-4_IL-7Ra_23,0.801433,0.801433
peleke-phi-4_IL-7Ra_24,0.852145,0.852145
peleke-phi-4_IL-7Ra_25,0.143931,0.144221
peleke-phi-4_IL-7Ra_26,0.420012,0.420012
peleke-phi-4_IL-7Ra_27,0.530628,0.530628
peleke-phi-4_IL-7Ra_28,0.005679,0.096535
peleke-phi-4_IL-7Ra_29,0.650412,0.650412
peleke-phi-4_IL-7Ra_30,0.116391,0.118853
peleke-phi-4_IL-7Ra_31,0.075603,0.124632
peleke-phi-4_IL-7Ra_32,0.855015,0.855015
peleke-phi-4_IL-7Ra_33,0.480252,0.480252
peleke-phi-4_IL-7Ra_34,0.411898,0.411898
peleke-phi-4_IL-7Ra_35,0.0,0.00567
peleke-phi-4_IL-7Ra_36,0.0,0.005251
peleke-phi-4_IL-7Ra_37,0.526152,0.526152
peleke-phi-4_IL-7Ra_38,0.475765,0.475765
peleke-phi-4_IL-7Ra_39,0.590174,0.590174
peleke-phi-4_IL-7Ra_40,0.336828,0.341723
peleke-phi-4_IL-7Ra_41,0.671386,0.671386
peleke-phi-4_IL-7Ra_42,0.006423,0.057126
peleke-phi-4_IL-7Ra_43,0.421771,0.421771
peleke-phi-4_IL-7Ra_44,0.0,0.01749
peleke-phi-4_IL-7Ra_45,0.841324,0.841324
peleke-phi-4_IL-7Ra_46,0.005338,0.088178
peleke-phi-4_IL-7Ra_47,0.67522,0.67522
peleke-phi-4_IL-7Ra_48,0.672746,0.672746
peleke-phi-4_IL-7Ra_49,0.006325,0.039995
peleke-phi-4_IL-7Ra_50,0.0,0.025636
peleke-phi-4_MBP_01,0.196708,0.315702
peleke-phi-4_MBP_02,0.005387,0.005387
peleke-phi-4_MBP_03,0.0,0.0
peleke-phi-4_MBP_04,0.228398,0.376308
peleke-phi-4_MBP_05,0.063894,0.112219
peleke-phi-4_MBP_06,0.005119,0.072668
peleke-phi-4_MBP_07,0.005341,0.005341
peleke-phi-4_MBP_08,0.0,0.0
peleke-phi-4_MBP_09,0.0,0.0
peleke-phi-4_MBP_10,0.0,0.005569
peleke-phi-4_MBP_11,0.0,0.0
peleke-phi-4_MBP_12,0.0,0.0
peleke-phi-4_MBP_13,0.006869,0.006869
peleke-phi-4_MBP_14,0.0,0.005528
peleke-phi-4_MBP_15,0.012432,0.043602
peleke-phi-4_MBP_16,0.0,0.0
peleke-phi-4_MBP_17,0.005966,0.027044
peleke-phi-4_MBP_18,0.005344,0.005344
peleke-phi-4_MBP_19,0.005354,0.005354
peleke-phi-4_MBP_20,0.0,0.0
peleke-phi-4_MBP_21,0.005893,0.005893
peleke-phi-4_MBP_22,0.010447,0.010447
peleke-phi-4_MBP_23,0.0,0.0
peleke-phi-4_MBP_24,0.0,0.005232
peleke-phi-4_MBP_25,0.00926,0.00926
peleke-phi-4_MBP_26,0.012235,0.012235
peleke-phi-4_MBP_27,0.006007,0.006007
peleke-phi-4_MBP_28,0.0,0.0
peleke-phi-4_MBP_29,0.0,0.005497
peleke-phi-4_MBP_30,0.005721,0.005721
peleke-phi-4_MBP_31,0.008508,0.008508
peleke-phi-4_MBP_32,0.0,0.0
peleke-phi-4_MBP_33,0.004939,0.004939
peleke-phi-4_MBP_34,0.0,0.00706
peleke-phi-4_MBP_35,0.0,0.0
peleke-phi-4_MBP_36,0.0,0.0
peleke-phi-4_MBP_37,0.008126,0.041212
peleke-phi-4_MBP_38,0.0,0.00522
peleke-phi-4_MBP_39,0.010302,0.012008
peleke-phi-4_MBP_40,0.007852,0.007852
peleke-phi-4_MBP_41,0.365011,0.508427
peleke-phi-4_MBP_42,0.0,0.0
peleke-phi-4_MBP_43,0.005306,0.005306
peleke-phi-4_MBP_44,0.042089,0.042089
peleke-phi-4_MBP_45,0.206815,0.230246
peleke-phi-4_MBP_46,0.314311,0.422457
peleke-phi-4_MBP_47,0.0,0.018577
peleke-phi-4_MBP_48,0.104063,0.127133
peleke-phi-4_MBP_49,0.022255,0.225709
peleke-phi-4_MBP_50,0.184751,0.229251
peleke-phi-4_PD-L1_01,0.034328,0.044729
peleke-phi-4_PD-L1_02,0.829859,0.829859
peleke-phi-4_PD-L1_03,0.705914,0.705914
peleke-phi-4_PD-L1_04,0.387793,0.387793
peleke-phi-4_PD-L1_05,0.553234,0.553234
peleke-phi-4_PD-L1_06,0.42371,0.42371
peleke-phi-4_PD-L1_07,0.398862,0.398862
peleke-phi-4_PD-L1_08,0.020577,0.051689
peleke-phi-4_PD-L1_09,0.738012,0.738012
peleke-phi-4_PD-L1_10,0.853682,0.853682
peleke-phi-4_PD-L1_11,0.385654,0.385654
peleke-phi-4_PD-L1_12,0.395952,0.395952
peleke-phi-4_PD-L1_13,0.347408,0.347408
peleke-phi-4_PD-L1_14,0.459613,0.459613
peleke-phi-4_PD-L1_15,0.612956,0.612956
peleke-phi-4_PD-L1_16,0.00519,0.005305
peleke-phi-4_PD-L1_17,0.392239,0.392239
peleke-phi-4_PD-L1_18,0.327205,0.327205
peleke-phi-4_PD-L1_19,0.572973,0.572973
peleke-phi-4_PD-L1_20,0.728709,0.728709
peleke-phi-4_PD-L1_21,0.0,0.0
peleke-phi-4_PD-L1_22,0.064989,0.064989
peleke-phi-4_PD-L1_23,0.004831,0.005617
peleke-phi-4_PD-L1_24,0.362844,0.362844
peleke-phi-4_PD-L1_25,0.705726,0.705726
peleke-phi-4_PD-L1_26,0.242835,0.242835
peleke-phi-4_PD-L1_27,0.326128,0.326128
peleke-phi-4_PD-L1_28,0.069535,0.069535
peleke-phi-4_PD-L1_29,0.743322,0.743322
peleke-phi-4_PD-L1_30,0.244589,0.244589
peleke-phi-4_PD-L1_31,0.536031,0.536031
peleke-phi-4_PD-L1_32,0.069234,0.069234
peleke-phi-4_PD-L1_33,0.462467,0.462467
peleke-phi-4_PD-L1_34,0.084156,0.084156
peleke-phi-4_PD-L1_35,0.694085,0.694085
peleke-phi-4_PD-L1_36,0.833081,0.833081
peleke-phi-4_PD-L1_37,0.018617,0.046042
peleke-phi-4_PD-L1_38,0.0,0.0
peleke-phi-4_PD-L1_39,0.242369,0.289617
peleke-phi-4_PD-L1_40,0.710931,0.710931
peleke-phi-4_PD-L1_41,0.11845,0.11845
peleke-phi-4_PD-L1_42,0.0,0.0
peleke-phi-4_PD-L1_43,0.446608,0.446608
peleke-phi-4_PD-L1_44,0.281919,0.281919
peleke-phi-4_PD-L1_45,0.576634,0.576634
peleke-phi-4_PD-L1_46,0.723054,0.723054
peleke-phi-4_PD-L1_47,0.0,0.0
peleke-phi-4_PD-L1_48,0.0,0.005249
peleke-phi-4_PD-L1_49,0.256571,0.256571
peleke-phi-4_PD-L1_50,0.418645,0.418645
peleke-phi-4_BBF-14_01,0.162096,0.162096
peleke-phi-4_BBF-14_02,0.303558,0.306484
peleke-phi-4_BBF-14_03,0.006635,0.018524
peleke-phi-4_BBF-14_04,0.03551,0.077199
peleke-phi-4_BBF-14_05,0.061769,0.110143
peleke-phi-4_BBF-14_06,0.406687,0.406687
peleke-phi-4_BBF-14_07,0.00681,0.037372
peleke-phi-4_BBF-14_08,0.038867,0.074417
peleke-phi-4_BBF-14_09,0.706877,0.706877
peleke-phi-4_BBF-14_10,0.756848,0.756848
peleke-phi-4_BBF-14_11,0.005026,0.047233
peleke-phi-4_BBF-14_12,0.005529,0.018827
peleke-phi-4_BBF-14_13,0.168423,0.168423
peleke-phi-4_BBF-14_14,0.094168,0.16134
peleke-phi-4_BBF-14_15,0.437996,0.437996
peleke-phi-4_BBF-14_16,0.141096,0.141096
peleke-phi-4_BBF-14_17,0.0,0.021417
peleke-phi-4_BBF-14_18,0.713178,0.713178
peleke-phi-4_BBF-14_19,0.464083,0.464083
peleke-phi-4_BBF-14_20,0.058851,0.118442
peleke-phi-4_BBF-14_21,0.155149,0.155149
peleke-phi-4_BBF-14_22,0.801323,0.801323
peleke-phi-4_BBF-14_23,0.353456,0.353456
peleke-phi-4_BBF-14_24,0.803353,0.803353
peleke-phi-4_BBF-14_25,0.065105,0.0987
peleke-phi-4_BBF-14_26,0.049985,0.123634
peleke-phi-4_BBF-14_27,0.248089,0.248089
peleke-phi-4_BBF-14_28,0.552859,0.552859
peleke-phi-4_BBF-14_29,0.473834,0.473834
peleke-phi-4_BBF-14_30,0.0,0.047951
peleke-phi-4_BBF-14_31,0.056409,0.113416
peleke-phi-4_BBF-14_32,0.005628,0.01164
peleke-phi-4_BBF-14_33,0.426844,0.426844
peleke-phi-4_BBF-14_34,0.300589,0.300589
peleke-phi-4_BBF-14_35,0.069647,0.094064
peleke-phi-4_BBF-14_36,0.029061,0.067061
peleke-phi-4_BBF-14_37,0.122838,0.122838
peleke-phi-4_BBF-14_38,0.006889,0.055058
peleke-phi-4_BBF-14_39,0.330293,0.330293
peleke-phi-4_BBF-14_40,0.201175,0.201175
peleke-phi-4_BBF-14_41,0.304099,0.304099
peleke-phi-4_BBF-14_42,0.556418,0.556418
peleke-phi-4_BBF-14_43,0.76991,0.76991
peleke-phi-4_BBF-14_44,0.005323,0.032687
peleke-phi-4_BBF-14_45,0.0,0.053648
peleke-phi-4_BBF-14_46,0.02576,0.092991
peleke-phi-4_BBF-14_47,0.051026,0.112256
peleke-phi-4_BBF-14_48,0.0,0.00561
peleke-phi-4_BBF-14_49,0.782871,0.782871
peleke-phi-4_BBF-14_50,0.232476,0.232476
peleke-phi-4_PD-1_01,0.0,0.005181
peleke-phi-4_PD-1_02,0.552413,0.552413
peleke-phi-4_PD-1_03,0.17408,0.17408
peleke-phi-4_PD-1_04,0.715083,0.715083
peleke-phi-4_PD-1_05,0.189264,0.189264
peleke-phi-4_PD-1_06,0.005361,0.054032
peleke-phi-4_PD-1_07,0.005287,0.011171
peleke-phi-4_PD-1_08,0.243593,0.243593
peleke-phi-4_PD-1_09,0.012838,0.012838
peleke-phi-4_PD-1_10,0.245029,0.245029
peleke-phi-4_PD-1_11,0.005532,0.073376
peleke-phi-4_PD-1_12,0.005321,0.051727
peleke-phi-4_PD-1_13,0.283193,0.283193
peleke-phi-4_PD-1_14,0.005238,0.020661
peleke-phi-4_PD-1_15,0.52043,0.52043
peleke-phi-4_PD-1_16,0.207991,0.207991
peleke-phi-4_PD-1_17,0.176128,0.176128
peleke-phi-4_PD-1_18,0.005682,0.042636
peleke-phi-4_PD-1_19,0.746569,0.746569
peleke-phi-4_PD-1_20,0.155983,0.155983
peleke-phi-4_PD-1_21,0.284019,0.284019
peleke-phi-4_PD-1_22,0.176394,0.176394
peleke-phi-4_PD-1_23,0.558899,0.558899
peleke-phi-4_PD-1_24,0.0,0.013286
peleke-phi-4_PD-1_25,0.238158,0.238158
peleke-phi-4_PD-1_26,0.622875,0.622875
peleke-phi-4_PD-1_27,0.35551,0.35551
peleke-phi-4_PD-1_28,0.363598,0.363598
peleke-phi-4_PD-1_29,0.287865,0.287865
peleke-phi-4_PD-1_30,0.344252,0.344252
peleke-phi-4_PD-1_31,0.312784,0.312784
peleke-phi-4_PD-1_32,0.288504,0.288504
peleke-phi-4_PD-1_33,0.313058,0.313058
peleke-phi-4_PD-1_34,0.0,0.026375
peleke-phi-4_PD-1_35,0.737198,0.737198
peleke-phi-4_PD-1_36,0.209852,0.209852
peleke-phi-4_PD-1_37,0.586431,0.586431
peleke-phi-4_PD-1_38,0.0622,0.093246
peleke-phi-4_PD-1_39,0.779847,0.779847
peleke-phi-4_PD-1_40,0.0,0.014313
peleke-phi-4_PD-1_41,0.289786,0.289786
peleke-phi-4_PD-1_42,0.0,0.005982
peleke-phi-4_PD-1_43,0.005685,0.051718
peleke-phi-4_PD-1_44,0.687312,0.687312
peleke-phi-4_PD-1_45,0.581691,0.581691
peleke-phi-4_PD-1_46,0.084538,0.107437
peleke-phi-4_PD-1_47,0.835006,0.835006
peleke-phi-4_PD-1_48,0.459297,0.459297
peleke-phi-4_PD-1_49,0.785213,0.785213
peleke-phi-4_PD-1_50,0.678374,0.678374
peleke-llama-3.1-8b-instruct_BHRF1_01,0.296221,0.296221
peleke-llama-3.1-8b-instruct_BHRF1_02,0.0,0.032038
peleke-llama-3.1-8b-instruct_BHRF1_03,0.023766,0.088544
peleke-llama-3.1-8b-instruct_BHRF1_04,0.18468,0.226856
peleke-llama-3.1-8b-instruct_BHRF1_05,0.0,0.047895
peleke-llama-3.1-8b-instruct_BHRF1_06,0.463914,0.463914
peleke-llama-3.1-8b-instruct_BHRF1_07,0.0,0.067548
peleke-llama-3.1-8b-instruct_BHRF1_08,0.543836,0.543836
peleke-llama-3.1-8b-instruct_BHRF1_09,0.506019,0.557534
peleke-llama-3.1-8b-instruct_BHRF1_10,0.173328,0.187812
peleke-llama-3.1-8b-instruct_BHRF1_11,0.551022,0.551022
peleke-llama-3.1-8b-instruct_BHRF1_12,0.257675,0.260543
peleke-llama-3.1-8b-instruct_BHRF1_13,0.485318,0.563553
peleke-llama-3.1-8b-instruct_BHRF1_14,0.350428,0.433103
peleke-llama-3.1-8b-instruct_BHRF1_15,0.005782,0.013086
peleke-llama-3.1-8b-instruct_BHRF1_16,0.0,0.036793
peleke-llama-3.1-8b-instruct_BHRF1_17,0.005968,0.093008
peleke-llama-3.1-8b-instruct_BHRF1_18,0.513615,0.513615
peleke-llama-3.1-8b-instruct_BHRF1_19,0.005588,0.106876
peleke-llama-3.1-8b-instruct_BHRF1_20,0.195326,0.223853
peleke-llama-3.1-8b-instruct_BHRF1_21,0.153117,0.179435
peleke-llama-3.1-8b-instruct_BHRF1_22,0.7403,0.7403
peleke-llama-3.1-8b-instruct_BHRF1_23,0.00572,0.097156
peleke-llama-3.1-8b-instruct_BHRF1_24,0.0,0.034546
peleke-llama-3.1-8b-instruct_BHRF1_25,0.819512,0.819512
peleke-llama-3.1-8b-instruct_BHRF1_26,0.005394,0.049421
peleke-llama-3.1-8b-instruct_BHRF1_27,0.005358,0.125
peleke-llama-3.1-8b-instruct_BHRF1_28,0.167183,0.208511
peleke-llama-3.1-8b-instruct_BHRF1_29,0.446073,0.471053
peleke-llama-3.1-8b-instruct_BHRF1_30,0.251605,0.273625
peleke-llama-3.1-8b-instruct_BHRF1_31,0.554255,0.554255
peleke-llama-3.1-8b-instruct_BHRF1_32,0.483493,0.515846
peleke-llama-3.1-8b-instruct_BHRF1_33,0.324377,0.324957
peleke-llama-3.1-8b-instruct_BHRF1_34,0.504554,0.513572
peleke-llama-3.1-8b-instruct_BHRF1_35,0.005579,0.093604
peleke-llama-3.1-8b-instruct_BHRF1_36,0.0,0.006712
peleke-llama-3.1-8b-instruct_BHRF1_37,0.0,0.006026
peleke-llama-3.1-8b-instruct_BHRF1_38,0.109844,0.138659
peleke-llama-3.1-8b-instruct_BHRF1_39,0.00642,0.010222
peleke-llama-3.1-8b-instruct_BHRF1_40,0.192263,0.252537
peleke-llama-3.1-8b-instruct_BHRF1_41,0.704531,0.704531
peleke-llama-3.1-8b-instruct_BHRF1_42,0.0,0.022364
peleke-llama-3.1-8b-instruct_BHRF1_43,0.0,0.006971
peleke-llama-3.1-8b-instruct_BHRF1_44,0.579081,0.579081
peleke-llama-3.1-8b-instruct_BHRF1_45,0.401538,0.401538
peleke-llama-3.1-8b-instruct_BHRF1_46,0.0,0.005837
peleke-llama-3.1-8b-instruct_BHRF1_47,0.049217,0.148762
peleke-llama-3.1-8b-instruct_BHRF1_48,0.290362,0.311765
peleke-llama-3.1-8b-instruct_BHRF1_49,0.166255,0.206738
peleke-llama-3.1-8b-instruct_BHRF1_50,0.005228,0.113866
peleke-llama-3.1-8b-instruct_EGFR_01,0.0,0.0
peleke-llama-3.1-8b-instruct_EGFR_02,0.098121,0.185665
peleke-llama-3.1-8b-instruct_EGFR_03,0.0,0.0
peleke-llama-3.1-8b-instruct_EGFR_04,0.0,0.0
peleke-llama-3.1-8b-instruct_EGFR_05,0.0,0.035212
peleke-llama-3.1-8b-instruct_EGFR_06,0.142929,0.206942
peleke-llama-3.1-8b-instruct_EGFR_07,0.0,0.0
peleke-llama-3.1-8b-instruct_EGFR_08,0.0,0.0
peleke-llama-3.1-8b-instruct_EGFR_09,0.219044,0.281612
peleke-llama-3.1-8b-instruct_EGFR_10,0.084754,0.187897
peleke-llama-3.1-8b-instruct_EGFR_11,0.14405,0.204456
peleke-llama-3.1-8b-instruct_EGFR_12,0.0,0.0
peleke-llama-3.1-8b-instruct_EGFR_13,0.0,0.0
peleke-llama-3.1-8b-instruct_EGFR_14,0.0,0.0
peleke-llama-3.1-8b-instruct_EGFR_15,0.0,0.0
peleke-llama-3.1-8b-instruct_EGFR_16,0.0,0.0
peleke-llama-3.1-8b-instruct_EGFR_17,0.0,0.0
peleke-llama-3.1-8b-instruct_EGFR_18,0.0,0.0
peleke-llama-3.1-8b-instruct_EGFR_19,0.0,0.0
peleke-llama-3.1-8b-instruct_EGFR_20,0.0,0.0
peleke-llama-3.1-8b-instruct_EGFR_21,0.0,0.0
peleke-llama-3.1-8b-instruct_EGFR_22,0.0,0.004947
peleke-llama-3.1-8b-instruct_EGFR_23,0.247866,0.382848
peleke-llama-3.1-8b-instruct_EGFR_24,0.0,0.0
peleke-llama-3.1-8b-instruct_EGFR_25,0.0,0.0
peleke-llama-3.1-8b-instruct_EGFR_26,0.0,0.0
peleke-llama-3.1-8b-instruct_EGFR_27,0.0,0.0
peleke-llama-3.1-8b-instruct_EGFR_28,0.0,0.0
peleke-llama-3.1-8b-instruct_EGFR_29,0.16569,0.219761
peleke-llama-3.1-8b-instruct_EGFR_30,0.0,0.0
peleke-llama-3.1-8b-instruct_EGFR_31,0.0,0.0
peleke-llama-3.1-8b-instruct_EGFR_32,0.0,0.0
peleke-llama-3.1-8b-instruct_EGFR_33,0.0,0.0
peleke-llama-3.1-8b-instruct_EGFR_34,0.0,0.005033
peleke-llama-3.1-8b-instruct_EGFR_35,0.217498,0.247283
peleke-llama-3.1-8b-instruct_EGFR_36,0.278079,0.402903
peleke-llama-3.1-8b-instruct_EGFR_37,0.0,0.0
peleke-llama-3.1-8b-instruct_EGFR_38,0.09872,0.141647
peleke-llama-3.1-8b-instruct_EGFR_39,0.0,0.0
peleke-llama-3.1-8b-instruct_EGFR_40,0.0,0.0
peleke-llama-3.1-8b-instruct_EGFR_41,0.0,0.005355
peleke-llama-3.1-8b-instruct_EGFR_42,0.005066,0.005297
peleke-llama-3.1-8b-instruct_EGFR_43,0.023942,0.049466
peleke-llama-3.1-8b-instruct_EGFR_44,0.0,0.0
peleke-llama-3.1-8b-instruct_EGFR_45,0.0,0.0
peleke-llama-3.1-8b-instruct_EGFR_46,0.0,0.0
peleke-llama-3.1-8b-instruct_EGFR_47,0.0,0.0
peleke-llama-3.1-8b-instruct_EGFR_48,0.0,0.007258
peleke-llama-3.1-8b-instruct_EGFR_49,0.035709,0.163
peleke-llama-3.1-8b-instruct_EGFR_50,0.0,0.00536
peleke-llama-3.1-8b-instruct_IL-7Ra_01,0.124309,0.16188
peleke-llama-3.1-8b-instruct_IL-7Ra_02,0.32913,0.32913
peleke-llama-3.1-8b-instruct_IL-7Ra_03,0.338486,0.338486
peleke-llama-3.1-8b-instruct_IL-7Ra_04,0.005361,0.043831
peleke-llama-3.1-8b-instruct_IL-7Ra_05,0.497639,0.497639
peleke-llama-3.1-8b-instruct_IL-7Ra_06,0.226545,0.232538
peleke-llama-3.1-8b-instruct_IL-7Ra_07,0.54488,0.552214
peleke-llama-3.1-8b-instruct_IL-7Ra_08,0.227195,0.259617
peleke-llama-3.1-8b-instruct_IL-7Ra_09,0.599453,0.599453
peleke-llama-3.1-8b-instruct_IL-7Ra_10,0.0,0.033161
peleke-llama-3.1-8b-instruct_IL-7Ra_11,0.428314,0.461106
peleke-llama-3.1-8b-instruct_IL-7Ra_12,0.5411,0.5411
peleke-llama-3.1-8b-instruct_IL-7Ra_13,0.621003,0.621003
peleke-llama-3.1-8b-instruct_IL-7Ra_14,0.601693,0.601693
peleke-llama-3.1-8b-instruct_IL-7Ra_15,0.643284,0.643284
peleke-llama-3.1-8b-instruct_IL-7Ra_16,0.0,0.00491
peleke-llama-3.1-8b-instruct_IL-7Ra_17,0.53928,0.53928
peleke-llama-3.1-8b-instruct_IL-7Ra_18,0.019034,0.110595
peleke-llama-3.1-8b-instruct_IL-7Ra_19,0.060649,0.118031
peleke-llama-3.1-8b-instruct_IL-7Ra_20,0.418777,0.418777
peleke-llama-3.1-8b-instruct_IL-7Ra_21,0.410275,0.410275
peleke-llama-3.1-8b-instruct_IL-7Ra_22,0.61574,0.61574
peleke-llama-3.1-8b-instruct_IL-7Ra_23,0.843235,0.843235
peleke-llama-3.1-8b-instruct_IL-7Ra_24,0.681872,0.681872
peleke-llama-3.1-8b-instruct_IL-7Ra_25,0.63016,0.63016
peleke-llama-3.1-8b-instruct_IL-7Ra_26,0.272719,0.272719
peleke-llama-3.1-8b-instruct_IL-7Ra_27,0.346938,0.346938
peleke-llama-3.1-8b-instruct_IL-7Ra_28,0.598941,0.598941
peleke-llama-3.1-8b-instruct_IL-7Ra_29,0.294613,0.294613
peleke-llama-3.1-8b-instruct_IL-7Ra_30,0.006066,0.069644
peleke-llama-3.1-8b-instruct_IL-7Ra_31,0.8767,0.8767
peleke-llama-3.1-8b-instruct_IL-7Ra_32,0.476589,0.476589
peleke-llama-3.1-8b-instruct_IL-7Ra_33,0.344698,0.344698
peleke-llama-3.1-8b-instruct_IL-7Ra_34,0.800119,0.800119
peleke-llama-3.1-8b-instruct_IL-7Ra_35,0.366352,0.366352
peleke-llama-3.1-8b-instruct_IL-7Ra_36,0.730122,0.730122
peleke-llama-3.1-8b-instruct_IL-7Ra_37,0.020057,0.155286
peleke-llama-3.1-8b-instruct_IL-7Ra_38,0.761589,0.761589
peleke-llama-3.1-8b-instruct_IL-7Ra_39,0.0,0.016617
peleke-llama-3.1-8b-instruct_IL-7Ra_40,0.006232,0.042328
peleke-llama-3.1-8b-instruct_IL-7Ra_41,0.407909,0.407909
peleke-llama-3.1-8b-instruct_IL-7Ra_42,0.630497,0.630497
peleke-llama-3.1-8b-instruct_IL-7Ra_43,0.432616,0.438858
peleke-llama-3.1-8b-instruct_IL-7Ra_44,0.261076,0.261076
peleke-llama-3.1-8b-instruct_IL-7Ra_45,0.069274,0.152382
peleke-llama-3.1-8b-instruct_IL-7Ra_46,0.0,0.005594
peleke-llama-3.1-8b-instruct_IL-7Ra_47,0.5722,0.5722
peleke-llama-3.1-8b-instruct_IL-7Ra_48,0.615726,0.615726
peleke-llama-3.1-8b-instruct_IL-7Ra_49,0.18547,0.18547
peleke-llama-3.1-8b-instruct_IL-7Ra_50,0.0,0.016867
peleke-llama-3.1-8b-instruct_MBP_01,0.0,0.0
peleke-llama-3.1-8b-instruct_MBP_02,0.0,0.005551
peleke-llama-3.1-8b-instruct_MBP_03,0.006213,0.006213
peleke-llama-3.1-8b-instruct_MBP_04,0.011712,0.024796
peleke-llama-3.1-8b-instruct_MBP_05,0.007399,0.007399
peleke-llama-3.1-8b-instruct_MBP_06,0.0,0.005433
peleke-llama-3.1-8b-instruct_MBP_07,0.0,0.0
peleke-llama-3.1-8b-instruct_MBP_08,0.005013,0.005689
peleke-llama-3.1-8b-instruct_MBP_09,0.005149,0.045332
peleke-llama-3.1-8b-instruct_MBP_10,0.0,0.006048
peleke-llama-3.1-8b-instruct_MBP_11,0.0,0.0
peleke-llama-3.1-8b-instruct_MBP_12,0.009959,0.009959
peleke-llama-3.1-8b-instruct_MBP_13,0.007594,0.007594
peleke-llama-3.1-8b-instruct_MBP_14,0.0,0.005308
peleke-llama-3.1-8b-instruct_MBP_15,0.0,0.0
peleke-llama-3.1-8b-instruct_MBP_16,0.0,0.0
peleke-llama-3.1-8b-instruct_MBP_17,0.0,0.0
peleke-llama-3.1-8b-instruct_MBP_18,0.00503,0.00503
peleke-llama-3.1-8b-instruct_MBP_19,0.698249,0.754627
peleke-llama-3.1-8b-instruct_MBP_20,0.0,0.0
peleke-llama-3.1-8b-instruct_MBP_21,0.0,0.0
peleke-llama-3.1-8b-instruct_MBP_22,0.004858,0.004858
peleke-llama-3.1-8b-instruct_MBP_23,0.15423,0.246401
peleke-llama-3.1-8b-instruct_MBP_24,0.168597,0.168597
peleke-llama-3.1-8b-instruct_MBP_25,0.007363,0.007363
peleke-llama-3.1-8b-instruct_MBP_26,0.0,0.0
peleke-llama-3.1-8b-instruct_MBP_27,0.083797,0.141
peleke-llama-3.1-8b-instruct_MBP_28,0.0,0.026486
peleke-llama-3.1-8b-instruct_MBP_29,0.005415,0.005415
peleke-llama-3.1-8b-instruct_MBP_30,0.0,0.0
peleke-llama-3.1-8b-instruct_MBP_31,0.008757,0.008757
peleke-llama-3.1-8b-instruct_MBP_32,0.0,0.0
peleke-llama-3.1-8b-instruct_MBP_33,0.0,0.0
peleke-llama-3.1-8b-instruct_MBP_34,0.010689,0.010689
peleke-llama-3.1-8b-instruct_MBP_35,0.705177,0.752909
peleke-llama-3.1-8b-instruct_MBP_36,0.0,0.0
peleke-llama-3.1-8b-instruct_MBP_37,0.008532,0.008532
peleke-llama-3.1-8b-instruct_MBP_38,0.0,0.0
peleke-llama-3.1-8b-instruct_MBP_39,0.327209,0.48054
peleke-llama-3.1-8b-instruct_MBP_40,0.143072,0.156518
peleke-llama-3.1-8b-instruct_MBP_41,0.0,0.0
peleke-llama-3.1-8b-instruct_MBP_42,0.005569,0.005569
peleke-llama-3.1-8b-instruct_MBP_43,0.0,0.0
peleke-llama-3.1-8b-instruct_MBP_44,0.0,0.00577
peleke-llama-3.1-8b-instruct_MBP_45,0.0,0.0
peleke-llama-3.1-8b-instruct_MBP_46,0.005755,0.005755
peleke-llama-3.1-8b-instruct_MBP_47,0.129594,0.222274
peleke-llama-3.1-8b-instruct_MBP_48,0.007186,0.007186
peleke-llama-3.1-8b-instruct_MBP_49,0.220403,0.288417
peleke-llama-3.1-8b-instruct_MBP_50,0.0,0.043
peleke-llama-3.1-8b-instruct_PD-L1_01,0.644606,0.644606
peleke-llama-3.1-8b-instruct_PD-L1_02,0.445489,0.445489
peleke-llama-3.1-8b-instruct_PD-L1_03,0.455761,0.455761
peleke-llama-3.1-8b-instruct_PD-L1_04,0.0,0.004964
peleke-llama-3.1-8b-instruct_PD-L1_05,0.381521,0.381521
peleke-llama-3.1-8b-instruct_PD-L1_06,0.060649,0.062938
peleke-llama-3.1-8b-instruct_PD-L1_07,0.484758,0.484758
peleke-llama-3.1-8b-instruct_PD-L1_08,0.0,0.0
peleke-llama-3.1-8b-instruct_PD-L1_09,0.853661,0.853661
peleke-llama-3.1-8b-instruct_PD-L1_10,0.029713,0.046507
peleke-llama-3.1-8b-instruct_PD-L1_11,0.0,0.0
peleke-llama-3.1-8b-instruct_PD-L1_12,0.689948,0.689948
peleke-llama-3.1-8b-instruct_PD-L1_13,0.471721,0.471721
peleke-llama-3.1-8b-instruct_PD-L1_14,0.291119,0.291119
peleke-llama-3.1-8b-instruct_PD-L1_15,0.256106,0.256106
peleke-llama-3.1-8b-instruct_PD-L1_16,0.067249,0.067249
peleke-llama-3.1-8b-instruct_PD-L1_17,0.174893,0.174893
peleke-llama-3.1-8b-instruct_PD-L1_18,0.039488,0.081712
peleke-llama-3.1-8b-instruct_PD-L1_19,0.83495,0.83495
peleke-llama-3.1-8b-instruct_PD-L1_20,0.169842,0.169842
peleke-llama-3.1-8b-instruct_PD-L1_21,0.650004,0.650004
peleke-llama-3.1-8b-instruct_PD-L1_22,0.682776,0.682776
peleke-llama-3.1-8b-instruct_PD-L1_23,0.39514,0.39514
peleke-llama-3.1-8b-instruct_PD-L1_24,0.712527,0.712527
peleke-llama-3.1-8b-instruct_PD-L1_25,0.304095,0.304095
peleke-llama-3.1-8b-instruct_PD-L1_26,0.248703,0.248703
peleke-llama-3.1-8b-instruct_PD-L1_27,0.883289,0.883289
peleke-llama-3.1-8b-instruct_PD-L1_28,0.015641,0.03172
peleke-llama-3.1-8b-instruct_PD-L1_29,0.164733,0.164733
peleke-llama-3.1-8b-instruct_PD-L1_30,0.564019,0.564019
peleke-llama-3.1-8b-instruct_PD-L1_31,0.406901,0.406901
peleke-llama-3.1-8b-instruct_PD-L1_32,0.390038,0.390038
peleke-llama-3.1-8b-instruct_PD-L1_33,0.891964,0.891964
peleke-llama-3.1-8b-instruct_PD-L1_34,0.0,0.005589
peleke-llama-3.1-8b-instruct_PD-L1_35,0.365487,0.365487
peleke-llama-3.1-8b-instruct_PD-L1_36,0.349878,0.349878
peleke-llama-3.1-8b-instruct_PD-L1_37,0.659556,0.659556
peleke-llama-3.1-8b-instruct_PD-L1_38,0.0,0.0
peleke-llama-3.1-8b-instruct_PD-L1_39,0.234425,0.234425
peleke-llama-3.1-8b-instruct_PD-L1_40,0.220095,0.220095
peleke-llama-3.1-8b-instruct_PD-L1_41,0.029577,0.071806
peleke-llama-3.1-8b-instruct_PD-L1_42,0.004925,0.005742
peleke-llama-3.1-8b-instruct_PD-L1_43,0.651125,0.651125
peleke-llama-3.1-8b-instruct_PD-L1_44,0.0,0.0
peleke-llama-3.1-8b-instruct_PD-L1_45,0.0,0.0
peleke-llama-3.1-8b-instruct_PD-L1_46,0.026278,0.026278
peleke-llama-3.1-8b-instruct_PD-L1_47,0.0,0.0
peleke-llama-3.1-8b-instruct_PD-L1_48,0.675931,0.675931
peleke-llama-3.1-8b-instruct_PD-L1_49,0.259506,0.259506
peleke-llama-3.1-8b-instruct_PD-L1_50,0.455933,0.455933
peleke-llama-3.1-8b-instruct_BBF-14_01,0.359846,0.359846
peleke-llama-3.1-8b-instruct_BBF-14_02,0.623599,0.623599
peleke-llama-3.1-8b-instruct_BBF-14_03,0.009174,0.076461
peleke-llama-3.1-8b-instruct_BBF-14_04,0.406969,0.406969
peleke-llama-3.1-8b-instruct_BBF-14_05,0.530644,0.530644
peleke-llama-3.1-8b-instruct_BBF-14_06,0.005667,0.048695
peleke-llama-3.1-8b-instruct_BBF-14_07,0.202178,0.202178
peleke-llama-3.1-8b-instruct_BBF-14_08,0.006431,0.033348
peleke-llama-3.1-8b-instruct_BBF-14_09,0.693924,0.693924
peleke-llama-3.1-8b-instruct_BBF-14_10,0.277492,0.277492
peleke-llama-3.1-8b-instruct_BBF-14_11,0.524546,0.524546
peleke-llama-3.1-8b-instruct_BBF-14_12,0.406207,0.406207
peleke-llama-3.1-8b-instruct_BBF-14_13,0.355628,0.355628
peleke-llama-3.1-8b-instruct_BBF-14_14,0.092808,0.103982
peleke-llama-3.1-8b-instruct_BBF-14_15,0.518732,0.518732
peleke-llama-3.1-8b-instruct_BBF-14_16,0.065732,0.074379
peleke-llama-3.1-8b-instruct_BBF-14_17,0.359146,0.359146
peleke-llama-3.1-8b-instruct_BBF-14_18,0.0,0.049849
peleke-llama-3.1-8b-instruct_BBF-14_19,0.546411,0.546411
peleke-llama-3.1-8b-instruct_BBF-14_20,0.183492,0.183492
peleke-llama-3.1-8b-instruct_BBF-14_21,0.193285,0.193285
peleke-llama-3.1-8b-instruct_BBF-14_22,0.590151,0.590151
peleke-llama-3.1-8b-instruct_BBF-14_23,0.131087,0.131467
peleke-llama-3.1-8b-instruct_BBF-14_24,0.783113,0.783113
peleke-llama-3.1-8b-instruct_BBF-14_25,0.262585,0.302497
peleke-llama-3.1-8b-instruct_BBF-14_26,0.363574,0.363574
peleke-llama-3.1-8b-instruct_BBF-14_27,0.15483,0.15483
peleke-llama-3.1-8b-instruct_BBF-14_28,0.398485,0.398485
peleke-llama-3.1-8b-instruct_BBF-14_29,0.566221,0.566221
peleke-llama-3.1-8b-instruct_BBF-14_30,0.231484,0.231484
peleke-llama-3.1-8b-instruct_BBF-14_31,0.814962,0.814962
peleke-llama-3.1-8b-instruct_BBF-14_32,0.0,0.049489
peleke-llama-3.1-8b-instruct_BBF-14_33,0.40123,0.40123
peleke-llama-3.1-8b-instruct_BBF-14_34,0.833764,0.833764
peleke-llama-3.1-8b-instruct_BBF-14_35,0.473781,0.473781
peleke-llama-3.1-8b-instruct_BBF-14_36,0.243414,0.243414
peleke-llama-3.1-8b-instruct_BBF-14_37,0.005889,0.088727
peleke-llama-3.1-8b-instruct_BBF-14_38,0.047596,0.119645
peleke-llama-3.1-8b-instruct_BBF-14_39,0.423076,0.423076
peleke-llama-3.1-8b-instruct_BBF-14_40,0.82792,0.82792
peleke-llama-3.1-8b-instruct_BBF-14_41,0.005229,0.062519
peleke-llama-3.1-8b-instruct_BBF-14_42,0.246136,0.246136
peleke-llama-3.1-8b-instruct_BBF-14_43,0.253653,0.253653
peleke-llama-3.1-8b-instruct_BBF-14_44,0.0,0.022977
peleke-llama-3.1-8b-instruct_BBF-14_45,0.196592,0.196592
peleke-llama-3.1-8b-instruct_BBF-14_46,0.005324,0.05759
peleke-llama-3.1-8b-instruct_BBF-14_47,0.671759,0.671759
peleke-llama-3.1-8b-instruct_BBF-14_48,0.547028,0.547028
peleke-llama-3.1-8b-instruct_BBF-14_49,0.005604,0.079855
peleke-llama-3.1-8b-instruct_BBF-14_50,0.577131,0.577131
peleke-llama-3.1-8b-instruct_PD-1_01,0.005467,0.053738
peleke-llama-3.1-8b-instruct_PD-1_02,0.27259,0.27259
peleke-llama-3.1-8b-instruct_PD-1_03,0.144428,0.144428
peleke-llama-3.1-8b-instruct_PD-1_04,0.437008,0.437008
peleke-llama-3.1-8b-instruct_PD-1_05,0.292933,0.292933
peleke-llama-3.1-8b-instruct_PD-1_06,0.157205,0.173505
peleke-llama-3.1-8b-instruct_PD-1_07,0.63149,0.63149
peleke-llama-3.1-8b-instruct_PD-1_08,0.128022,0.128022
peleke-llama-3.1-8b-instruct_PD-1_09,0.485708,0.485708
peleke-llama-3.1-8b-instruct_PD-1_10,0.097468,0.097468
peleke-llama-3.1-8b-instruct_PD-1_11,0.157297,0.157297
peleke-llama-3.1-8b-instruct_PD-1_12,0.052248,0.11715
peleke-llama-3.1-8b-instruct_PD-1_13,0.710902,0.710902
peleke-llama-3.1-8b-instruct_PD-1_14,0.0,0.006184
peleke-llama-3.1-8b-instruct_PD-1_15,0.379048,0.379048
peleke-llama-3.1-8b-instruct_PD-1_16,0.005698,0.005698
peleke-llama-3.1-8b-instruct_PD-1_17,0.326284,0.326284
peleke-llama-3.1-8b-instruct_PD-1_18,0.734511,0.734511
peleke-llama-3.1-8b-instruct_PD-1_19,0.147274,0.147274
peleke-llama-3.1-8b-instruct_PD-1_20,0.288219,0.288219
peleke-llama-3.1-8b-instruct_PD-1_21,0.117374,0.146193
peleke-llama-3.1-8b-instruct_PD-1_22,0.016272,0.016272
peleke-llama-3.1-8b-instruct_PD-1_23,0.020044,0.040693
peleke-llama-3.1-8b-instruct_PD-1_24,0.0,0.030179
peleke-llama-3.1-8b-instruct_PD-1_25,0.153032,0.153032
peleke-llama-3.1-8b-instruct_PD-1_26,0.0,0.033759
peleke-llama-3.1-8b-instruct_PD-1_27,0.005728,0.039511
peleke-llama-3.1-8b-instruct_PD-1_28,0.041035,0.054736
peleke-llama-3.1-8b-instruct_PD-1_29,0.384014,0.384014
peleke-llama-3.1-8b-instruct_PD-1_30,0.0,0.005355
peleke-llama-3.1-8b-instruct_PD-1_31,0.008232,0.078721
peleke-llama-3.1-8b-instruct_PD-1_32,0.005641,0.036582
peleke-llama-3.1-8b-instruct_PD-1_33,0.005949,0.030608
peleke-llama-3.1-8b-instruct_PD-1_34,0.141845,0.141845
peleke-llama-3.1-8b-instruct_PD-1_35,0.135104,0.135104
peleke-llama-3.1-8b-instruct_PD-1_36,0.005066,0.005577
peleke-llama-3.1-8b-instruct_PD-1_37,0.018022,0.039044
peleke-llama-3.1-8b-instruct_PD-1_38,0.154627,0.154627
peleke-llama-3.1-8b-instruct_PD-1_39,0.005011,0.005178
peleke-llama-3.1-8b-instruct_PD-1_40,0.520598,0.520598
peleke-llama-3.1-8b-instruct_PD-1_41,0.502972,0.502972
peleke-llama-3.1-8b-instruct_PD-1_42,0.280645,0.280645
peleke-llama-3.1-8b-instruct_PD-1_43,0.757994,0.757994
peleke-llama-3.1-8b-instruct_PD-1_44,0.0,0.0
peleke-llama-3.1-8b-instruct_PD-1_45,0.019782,0.036516
peleke-llama-3.1-8b-instruct_PD-1_46,0.461342,0.461342
peleke-llama-3.1-8b-instruct_PD-1_47,0.136087,0.136087
peleke-llama-3.1-8b-instruct_PD-1_48,0.307756,0.307756
peleke-llama-3.1-8b-instruct_PD-1_49,0.219049,0.221974
peleke-llama-3.1-8b-instruct_PD-1_50,0.0,0.005391
peleke-mistral-7b-instruct-v0.2_EGFR_01,0.0,0.0
peleke-mistral-7b-instruct-v0.2_EGFR_02,0.0,0.0
peleke-mistral-7b-instruct-v0.2_EGFR_03,0.0,0.004901
peleke-mistral-7b-instruct-v0.2_EGFR_04,0.0,0.0
peleke-mistral-7b-instruct-v0.2_EGFR_05,0.023773,0.131548
peleke-mistral-7b-instruct-v0.2_EGFR_06,0.202505,0.296462
peleke-mistral-7b-instruct-v0.2_EGFR_07,0.0,0.0
peleke-mistral-7b-instruct-v0.2_EGFR_08,0.0,0.0
peleke-mistral-7b-instruct-v0.2_EGFR_10,0.0,0.0
peleke-mistral-7b-instruct-v0.2_EGFR_11,0.039963,0.127829
peleke-mistral-7b-instruct-v0.2_EGFR_12,0.0,0.0
peleke-mistral-7b-instruct-v0.2_EGFR_13,0.0,0.0
peleke-mistral-7b-instruct-v0.2_EGFR_14,0.120853,0.120853
peleke-mistral-7b-instruct-v0.2_EGFR_15,0.239186,0.348721
peleke-mistral-7b-instruct-v0.2_EGFR_16,0.0,0.0
peleke-mistral-7b-instruct-v0.2_EGFR_17,0.0,0.0
peleke-mistral-7b-instruct-v0.2_EGFR_18,0.0,0.0
peleke-mistral-7b-instruct-v0.2_EGFR_19,0.0,0.0
peleke-mistral-7b-instruct-v0.2_EGFR_20,0.0,0.0
peleke-mistral-7b-instruct-v0.2_EGFR_21,0.0,0.0
peleke-mistral-7b-instruct-v0.2_EGFR_22,0.0,0.0
peleke-mistral-7b-instruct-v0.2_EGFR_23,0.0,0.0
peleke-mistral-7b-instruct-v0.2_EGFR_24,0.0,0.005747
peleke-mistral-7b-instruct-v0.2_EGFR_25,0.0,0.0
peleke-mistral-7b-instruct-v0.2_EGFR_26,0.0,0.0
peleke-mistral-7b-instruct-v0.2_EGFR_27,0.139909,0.197727
peleke-mistral-7b-instruct-v0.2_EGFR_28,0.0,0.005119
peleke-mistral-7b-instruct-v0.2_EGFR_29,0.005226,0.005718
peleke-mistral-7b-instruct-v0.2_EGFR_30,0.0,0.0
peleke-mistral-7b-instruct-v0.2_EGFR_31,0.0,0.0
peleke-mistral-7b-instruct-v0.2_EGFR_32,0.005429,0.090264
peleke-mistral-7b-instruct-v0.2_EGFR_33,0.0,0.0
peleke-mistral-7b-instruct-v0.2_EGFR_34,0.0,0.0
peleke-mistral-7b-instruct-v0.2_EGFR_35,0.0,0.005088
peleke-mistral-7b-instruct-v0.2_EGFR_36,0.0,0.005425
peleke-mistral-7b-instruct-v0.2_EGFR_37,0.0,0.005384
peleke-mistral-7b-instruct-v0.2_EGFR_38,0.0,0.0
peleke-mistral-7b-instruct-v0.2_EGFR_39,0.0,0.0
peleke-mistral-7b-instruct-v0.2_EGFR_40,0.210188,0.30618
peleke-mistral-7b-instruct-v0.2_EGFR_41,0.0,0.0
peleke-mistral-7b-instruct-v0.2_EGFR_42,0.0,0.047314
peleke-mistral-7b-instruct-v0.2_EGFR_43,0.372815,0.460265
peleke-mistral-7b-instruct-v0.2_EGFR_44,0.0,0.0
peleke-mistral-7b-instruct-v0.2_EGFR_45,0.0,0.0
peleke-mistral-7b-instruct-v0.2_EGFR_46,0.0,0.0
peleke-mistral-7b-instruct-v0.2_EGFR_47,0.0,0.0
peleke-mistral-7b-instruct-v0.2_EGFR_48,0.0,0.0
peleke-mistral-7b-instruct-v0.2_EGFR_49,0.0,0.018937
peleke-mistral-7b-instruct-v0.2_EGFR_50,0.0,0.0
peleke-mistral-7b-instruct-v0.2_MBP_01,0.0,0.0
peleke-mistral-7b-instruct-v0.2_MBP_02,0.0,0.0
peleke-mistral-7b-instruct-v0.2_MBP_03,0.005788,0.005788
peleke-mistral-7b-instruct-v0.2_MBP_04,0.0,0.0
peleke-mistral-7b-instruct-v0.2_MBP_05,0.0,0.0
peleke-mistral-7b-instruct-v0.2_MBP_06,0.006704,0.006704
peleke-mistral-7b-instruct-v0.2_MBP_07,0.0,0.0
peleke-mistral-7b-instruct-v0.2_MBP_08,0.005317,0.005317
peleke-mistral-7b-instruct-v0.2_MBP_09,0.005866,0.005866
peleke-mistral-7b-instruct-v0.2_MBP_10,0.0,0.004976
peleke-mistral-7b-instruct-v0.2_MBP_11,0.008869,0.098727
peleke-mistral-7b-instruct-v0.2_MBP_12,0.0,0.0
peleke-mistral-7b-instruct-v0.2_MBP_13,0.011723,0.062676
peleke-mistral-7b-instruct-v0.2_MBP_14,0.0,0.006127
peleke-mistral-7b-instruct-v0.2_MBP_15,0.005976,0.005976
peleke-mistral-7b-instruct-v0.2_MBP_16,0.19874,0.230308
peleke-mistral-7b-instruct-v0.2_MBP_17,0.0,0.0
peleke-mistral-7b-instruct-v0.2_MBP_18,0.0,0.0
peleke-mistral-7b-instruct-v0.2_MBP_19,0.0,0.0
peleke-mistral-7b-instruct-v0.2_MBP_20,0.237535,0.271634
peleke-mistral-7b-instruct-v0.2_MBP_21,0.0,0.0
peleke-mistral-7b-instruct-v0.2_MBP_22,0.006826,0.006826
peleke-mistral-7b-instruct-v0.2_MBP_23,0.00487,0.00487
peleke-mistral-7b-instruct-v0.2_MBP_24,0.004922,0.011576
peleke-mistral-7b-instruct-v0.2_MBP_25,0.0,0.005501
peleke-mistral-7b-instruct-v0.2_MBP_26,0.0,0.004854
peleke-mistral-7b-instruct-v0.2_MBP_27,0.0,0.0
peleke-mistral-7b-instruct-v0.2_MBP_28,0.008704,0.008704
peleke-mistral-7b-instruct-v0.2_MBP_29,0.0,0.0
peleke-mistral-7b-instruct-v0.2_MBP_30,0.0,0.0
peleke-mistral-7b-instruct-v0.2_MBP_31,0.007443,0.007443
peleke-mistral-7b-instruct-v0.2_MBP_32,0.0,0.005545
peleke-mistral-7b-instruct-v0.2_MBP_33,0.0,0.0
peleke-mistral-7b-instruct-v0.2_MBP_34,0.0,0.0
peleke-mistral-7b-instruct-v0.2_MBP_35,0.052107,0.052107
peleke-mistral-7b-instruct-v0.2_MBP_36,0.0,0.005453
peleke-mistral-7b-instruct-v0.2_MBP_37,0.0,0.0
peleke-mistral-7b-instruct-v0.2_MBP_38,0.0,0.005442
peleke-mistral-7b-instruct-v0.2_MBP_39,0.005451,0.005451
peleke-mistral-7b-instruct-v0.2_MBP_40,0.005124,0.051448
peleke-mistral-7b-instruct-v0.2_MBP_41,0.0,0.0
peleke-mistral-7b-instruct-v0.2_MBP_42,0.0,0.0
peleke-mistral-7b-instruct-v0.2_MBP_43,0.005424,0.005424
peleke-mistral-7b-instruct-v0.2_MBP_44,0.0,0.005291
peleke-mistral-7b-instruct-v0.2_MBP_45,0.011666,0.160936
peleke-mistral-7b-instruct-v0.2_MBP_46,0.0,0.005651
peleke-mistral-7b-instruct-v0.2_MBP_48,0.0,0.0
peleke-mistral-7b-instruct-v0.2_MBP_49,0.008975,0.008975
peleke-mistral-7b-instruct-v0.2_MBP_50,0.0,0.0
peleke-mistral-7b-instruct-v0.2_PD-1_01,0.050659,0.050659
peleke-mistral-7b-instruct-v0.2_PD-1_02,0.195341,0.195341
peleke-mistral-7b-instruct-v0.2_PD-1_03,0.005375,0.060438
peleke-mistral-7b-instruct-v0.2_PD-1_04,0.367345,0.367345
peleke-mistral-7b-instruct-v0.2_PD-1_05,0.009553,0.055865
peleke-mistral-7b-instruct-v0.2_PD-1_06,0.551968,0.551968
peleke-mistral-7b-instruct-v0.2_PD-1_07,0.0,0.0
peleke-mistral-7b-instruct-v0.2_PD-1_08,0.137289,0.137289
peleke-mistral-7b-instruct-v0.2_PD-1_09,0.172658,0.172658
peleke-mistral-7b-instruct-v0.2_PD-1_10,0.005016,0.005431
peleke-mistral-7b-instruct-v0.2_PD-1_11,0.047381,0.049461
peleke-mistral-7b-instruct-v0.2_PD-1_12,0.464045,0.464045
peleke-mistral-7b-instruct-v0.2_PD-1_13,0.034809,0.046219
peleke-mistral-7b-instruct-v0.2_PD-1_14,0.009746,0.098741
peleke-mistral-7b-instruct-v0.2_PD-1_15,0.216331,0.216331
peleke-mistral-7b-instruct-v0.2_PD-1_16,0.788274,0.788274
peleke-mistral-7b-instruct-v0.2_PD-1_17,0.661512,0.661512
peleke-mistral-7b-instruct-v0.2_PD-1_18,0.45755,0.45755
peleke-mistral-7b-instruct-v0.2_PD-1_19,0.005557,0.077584
peleke-mistral-7b-instruct-v0.2_PD-1_20,0.20214,0.20214
peleke-mistral-7b-instruct-v0.2_PD-1_21,0.322217,0.322217
peleke-mistral-7b-instruct-v0.2_PD-1_22,0.20784,0.20784
peleke-mistral-7b-instruct-v0.2_PD-1_23,0.836868,0.836868
peleke-mistral-7b-instruct-v0.2_PD-1_24,0.009778,0.018015
peleke-mistral-7b-instruct-v0.2_PD-1_25,0.15576,0.15576
peleke-mistral-7b-instruct-v0.2_PD-1_26,0.1188,0.127415
peleke-mistral-7b-instruct-v0.2_PD-1_27,0.25709,0.25709
peleke-mistral-7b-instruct-v0.2_PD-1_28,0.016207,0.056518
peleke-mistral-7b-instruct-v0.2_PD-1_29,0.524634,0.524634
peleke-mistral-7b-instruct-v0.2_PD-1_30,0.374583,0.374583
peleke-mistral-7b-instruct-v0.2_PD-1_31,0.398279,0.398279
peleke-mistral-7b-instruct-v0.2_PD-1_32,0.18054,0.181324
peleke-mistral-7b-instruct-v0.2_PD-1_33,0.360037,0.360037
peleke-mistral-7b-instruct-v0.2_PD-1_34,0.0172,0.019055
peleke-mistral-7b-instruct-v0.2_PD-1_35,0.805838,0.805838
peleke-mistral-7b-instruct-v0.2_PD-1_36,0.449958,0.449958
peleke-mistral-7b-instruct-v0.2_PD-1_37,0.188934,0.188934
peleke-mistral-7b-instruct-v0.2_PD-1_38,0.135435,0.135435
peleke-mistral-7b-instruct-v0.2_PD-1_39,0.433674,0.433674
peleke-mistral-7b-instruct-v0.2_PD-1_40,0.420122,0.420122
peleke-mistral-7b-instruct-v0.2_PD-1_41,0.379456,0.379456
peleke-mistral-7b-instruct-v0.2_PD-1_42,0.301429,0.301429
peleke-mistral-7b-instruct-v0.2_PD-1_43,0.256964,0.256964
peleke-mistral-7b-instruct-v0.2_PD-1_44,0.316898,0.316898
peleke-mistral-7b-instruct-v0.2_PD-1_45,0.045251,0.058292
peleke-mistral-7b-instruct-v0.2_PD-1_46,0.0,0.0
peleke-mistral-7b-instruct-v0.2_PD-1_47,0.310877,0.310877
peleke-mistral-7b-instruct-v0.2_PD-1_48,0.517361,0.517361
peleke-mistral-7b-instruct-v0.2_PD-1_49,0.239795,0.239795
peleke-mistral-7b-instruct-v0.2_PD-1_50,0.006147,0.063329
